{"_type":"export","__export_format":4,"__export_date":"2020-11-10T03:11:25.890Z","__export_source":"insomnia.desktop.app:v2020.4.2","resources":[{"_id":"req_3e3cbcb4a2534bbb823e400a831279a4","parentId":"fld_9d717d65462c48839f2ae5ccb9e95c68","modified":1604977857721,"created":1604590754484,"url":"https://api.pagar.me/1/transactions","name":"CREATE SPLIT TRANSACTION","description":"","method":"POST","body":{"mimeType":"application/json","text":"{\n\t\"api_key\": \"SUA_API_KEY\",\n\t\"amount\": 21000,\n\t\"card_number\": \"4242424242424242\",\n\t\"card_cvv\": \"123\",\n\t\"card_expiration_date\": \"0922\",\n\t\"card_holder_name\": \"NOME NO CARTÃO\",\n\t\"customer\": {\n\t\t\"external_id\": \"1604624353049\",\n\t\t\"name\": \"NOME DO CLIENTE\",\n\t\t\"type\": \"individual\",\n\t\t\"country\": \"br\",\n\t\t\"email\": \"email@gmail.com\",\n\t\t\"documents\": [\n\t\t\t{\n\t\t\t\t\"type\": \"cpf\",\n\t\t\t\t\"number\": \"12312312312\"\n\t\t\t}\n\t\t],\n\t\t\"phone_numbers\": [\n\t\t\t\"+5511999998888\"\n\t\t],\n\t\t\"birthday\": \"1997-03-21\"\n\t},\n\t\"billing\": {\n\t\t\"name\": \"Trinity Moss\",\n\t\t\"address\": {\n\t\t\t\"country\": \"br\",\n\t\t\t\"state\": \"sp\",\n\t\t\t\"city\": \"Cotia\",\n\t\t\t\"neighborhood\": \"Rio Cotia\",\n\t\t\t\"street\": \"Rua Matrix\",\n\t\t\t\"street_number\": \"9999\",\n\t\t\t\"zipcode\": \"06714360\"\n\t\t}\n\t},\n\t\"shipping\": {\n\t\t\"name\": \"Neo Reeves\",\n\t\t\"fee\": 1000,\n\t\t\"delivery_date\": \"2000-12-21\",\n\t\t\"expedited\": true,\n\t\t\"address\": {\n\t\t\t\"country\": \"br\",\n\t\t\t\"state\": \"sp\",\n\t\t\t\"city\": \"Cotia\",\n\t\t\t\"neighborhood\": \"Rio Cotia\",\n\t\t\t\"street\": \"Rua Matrix\",\n\t\t\t\"street_number\": \"9999\",\n\t\t\t\"zipcode\": \"06714360\"\n\t\t}\n\t},\n\t\"items\": [\n\t\t{\n\t\t\t\"id\": \"r123\",\n\t\t\t\"title\": \"Red pill\",\n\t\t\t\"unit_price\": 10000,\n\t\t\t\"quantity\": 1,\n\t\t\t\"tangible\": true\n\t\t},\n\t\t{\n\t\t\t\"id\": \"b123\",\n\t\t\t\"title\": \"Blue pill\",\n\t\t\t\"unit_price\": 10000,\n\t\t\t\"quantity\": 1,\n\t\t\t\"tangible\": true\n\t\t}\n\t],\n\t\"split_rules\": [\n\t\t{\n\t\t\t\"recipient_id\": \"SEU_RECEPIENT_ID\",\n\t\t\t\"percentage\": 50,\n\t\t\t\"liable\": true,\n\t\t\t\"charge_processing_fee\": true\n\t\t},\n\t\t{\n\t\t\t\"recipient_id\": \"OUTRO_RECEPIENT_ID\",\n\t\t\t\"percentage\": 50,\n\t\t\t\"liable\": true,\n\t\t\t\"charge_processing_fee\": true\n\t\t}\n\t]\n}"},"parameters":[],"headers":[{"name":"Content-Type","value":"application/json","id":"pair_307fbfef0e894c008d82f4537920026c"}],"authentication":{},"metaSortKey":-1602922162540,"isPrivate":false,"settingStoreCookies":true,"settingSendCookies":true,"settingDisableRenderRequestBody":false,"settingEncodeUrl":true,"settingRebuildPath":true,"settingFollowRedirects":"global","_type":"request"},{"_id":"fld_9d717d65462c48839f2ae5ccb9e95c68","parentId":"wrk_fbabb3246f8d4cff94f4ef739d2705c5","modified":1604523923201,"created":1604523923201,"name":"PETFOOD","description":"","environment":{},"environmentPropertyOrder":null,"metaSortKey":-1604523923201,"_type":"request_group"},{"_id":"wrk_fbabb3246f8d4cff94f4ef739d2705c5","parentId":null,"modified":1581448902708,"created":1581448902708,"name":"Insomnia","description":"","scope":null,"_type":"workspace"},{"_id":"req_e9aae91b55064f17a4b712d52c721faa","parentId":"fld_9d717d65462c48839f2ae5ccb9e95c68","modified":1604977790390,"created":1604590286551,"url":"https://api.pagar.me/1/recipients","name":"CREATE RECEPIENT","description":"","method":"POST","body":{"mimeType":"application/json","text":"{\n\t\"api_key\": \"SUA_API_KEY\",\n\t\"bank_account\": {\n\t\t\"bank_code\": \"341\",\n\t\t\"agencia\": \"0932\",\n\t\t\"agencia_dv\": \"5\",\n\t\t\"conta\": \"58054\",\n\t\t\"type\": \"conta_corrente\",\n\t\t\"conta_dv\": \"1\",\n\t\t\"document_number\": \"72163010000159\",\n\t\t\"legal_name\": \"Teste\"\n\t},\n\t\"register_information\": {\n\t\t\"type\": \"corporation\",\n\t\t\"document_number\": \"72163010000159\",\n\t\t\"company_name\": \"Teste\",\n\t\t\"email\": \"pedgree@email.com\",\n\t\t\"site_url\": \"http://www.site.com\",\n\t\t\"phone_numbers\": [\n\t\t\t{\n\t\t\t\t\"ddd\": \"11\",\n\t\t\t\t\"number\": \"85876199\",\n\t\t\t\t\"type\": \"mobile\"\n\t\t\t}\n\t\t],\n\t\t\"managing_partners\": [\n\t\t\t{\n\t\t\t\t\"type\": \"individual\",\n\t\t\t\t\"document_number\": \"925452787\",\n\t\t\t\t\"email\": \"some@email.com\",\n\t\t\t\t\"name\": \"Someone\"\n\t\t\t}\n\t\t]\n\t}\n}"},"parameters":[],"headers":[{"name":"Content-Type","value":"application/json","id":"pair_a59d56df06434f1ca5d23fe4c0d9c2d0"}],"authentication":{},"metaSortKey":-1602922162490,"isPrivate":false,"settingStoreCookies":true,"settingSendCookies":true,"settingDisableRenderRequestBody":false,"settingEncodeUrl":true,"settingRebuildPath":true,"settingFollowRedirects":"global","_type":"request"},{"_id":"req_d5b963dcd1b24d948431277e9117b84c","parentId":"fld_9d717d65462c48839f2ae5ccb9e95c68","modified":1604977851478,"created":1604525457521,"url":"http://localhost:8000/purchase","name":"api - CREATE TRANSACTION","description":"","method":"POST","body":{"mimeType":"application/json","text":"{\n\t\"amount\": 21000,\n\t\"card_number\": \"4242424242424242\",\n\t\"card_cvv\": \"123\",\n\t\"card_expiration_date\": \"0922\",\n\t\"card_holder_name\": \"NOME NO CARTÃO\",\n\t\"customer\": {\n\t\t\"external_id\": \"1604624353049\",\n\t\t\"name\": \"NOME DO CLIENTE\",\n\t\t\"type\": \"individual\",\n\t\t\"country\": \"br\",\n\t\t\"email\": \"email@gmail.com\",\n\t\t\"documents\": [\n\t\t\t{\n\t\t\t\t\"type\": \"cpf\",\n\t\t\t\t\"number\": \"12312312312\"\n\t\t\t}\n\t\t],\n\t\t\"phone_numbers\": [\n\t\t\t\"+5511999998888\"\n\t\t],\n\t\t\"birthday\": \"1997-03-21\"\n\t},\n\t\"billing\": {\n\t\t\"name\": \"Trinity Moss\",\n\t\t\"address\": {\n\t\t\t\"country\": \"br\",\n\t\t\t\"state\": \"sp\",\n\t\t\t\"city\": \"Cotia\",\n\t\t\t\"neighborhood\": \"Rio Cotia\",\n\t\t\t\"street\": \"Rua Matrix\",\n\t\t\t\"street_number\": \"9999\",\n\t\t\t\"zipcode\": \"06714360\"\n\t\t}\n\t},\n\t\"shipping\": {\n\t\t\"name\": \"Neo Reeves\",\n\t\t\"fee\": 1000,\n\t\t\"delivery_date\": \"2000-12-21\",\n\t\t\"expedited\": true,\n\t\t\"address\": {\n\t\t\t\"country\": \"br\",\n\t\t\t\"state\": \"sp\",\n\t\t\t\"city\": \"Cotia\",\n\t\t\t\"neighborhood\": \"Rio Cotia\",\n\t\t\t\"street\": \"Rua Matrix\",\n\t\t\t\"street_number\": \"9999\",\n\t\t\t\"zipcode\": \"06714360\"\n\t\t}\n\t},\n\t\"items\": [\n\t\t{\n\t\t\t\"id\": \"r123\",\n\t\t\t\"title\": \"Red pill\",\n\t\t\t\"unit_price\": 10000,\n\t\t\t\"quantity\": 1,\n\t\t\t\"tangible\": true\n\t\t},\n\t\t{\n\t\t\t\"id\": \"b123\",\n\t\t\t\"title\": \"Blue pill\",\n\t\t\t\"unit_price\": 10000,\n\t\t\t\"quantity\": 1,\n\t\t\t\"tangible\": true\n\t\t}\n\t],\n\t\"split_rules\": [\n\t\t{\n\t\t\t\"recipient_id\": \"SEU_RECEPIENT_ID\",\n\t\t\t\"percentage\": 50,\n\t\t\t\"liable\": true,\n\t\t\t\"charge_processing_fee\": true\n\t\t},\n\t\t{\n\t\t\t\"recipient_id\": \"OUTRO_RECEPIENT_ID\",\n\t\t\t\"percentage\": 50,\n\t\t\t\"liable\": true,\n\t\t\t\"charge_processing_fee\": true\n\t\t}\n\t]\n}"},"parameters":[],"headers":[{"name":"Content-Type","value":"application/json","id":"pair_1bbae39a918041f18c005da3bb304f86"}],"authentication":{},"metaSortKey":-1602922162440,"isPrivate":false,"settingStoreCookies":true,"settingSendCookies":true,"settingDisableRenderRequestBody":false,"settingEncodeUrl":true,"settingRebuildPath":true,"settingFollowRedirects":"global","_type":"request"},{"_id":"env_e0f879f2cdd2e16b2f66b2e44bf434a13049198f","parentId":"wrk_fbabb3246f8d4cff94f4ef739d2705c5","modified":1581448902768,"created":1581448902768,"name":"Base Environment","data":{},"dataPropertyOrder":null,"color":null,"isPrivate":false,"metaSortKey":1581448902768,"_type":"environment"},{"_id":"jar_e0f879f2cdd2e16b2f66b2e44bf434a13049198f","parentId":"wrk_fbabb3246f8d4cff94f4ef739d2705c5","modified":1604589539051,"created":1581448902771,"name":"Default Jar","cookies":[{"key":"rack.session","value":"BAh7B0kiD3Nlc3Npb25faWQGOgZFVEkiRTlkMmNmYTc5ZjI1ZWEwNjZiZmEy%0AZDE5YTlkOWJkMDkxMGIyMmJmMzAyMjI2MmY4ZGE0MDY2YTVhMjIwNjdlYWYG%0AOwBGSSIJaW5pdAY7AEZU%0A--3e19c2b1e22522dd9b029463896894e8d0262b17","domain":"sandbox.moip.com.br","path":"/","httpOnly":true,"hostOnly":true,"creation":"2020-04-20T21:01:10.096Z","lastAccessed":"2020-04-20T21:01:10.096Z","id":"29692931507798415"},{"key":"__cfduid","value":"d61adba2029edf10df3804578bbd8902c1604589538","expires":"2020-12-05T15:18:58.000Z","domain":"pagar.me","path":"/","httpOnly":true,"extensions":["SameSite=Lax"],"hostOnly":false,"creation":"2020-11-05T15:18:59.043Z","lastAccessed":"2020-11-05T15:18:59.043Z","id":"16177320032287557"}],"_type":"cookie_jar"},{"_id":"spc_587f1f3ed8b44261b51f23eca2a2110a","parentId":"wrk_fbabb3246f8d4cff94f4ef739d2705c5","modified":1591149993969,"created":1591149993969,"fileName":"Insomnia","contents":"","contentType":"yaml","_type":"api_spec"}]}